{
  "simulator": {
    "mu0": 1.0,
    "sigma0": 2.0,
    "delta_mu": 10.0,
    "mu1": 11.0,
    "sigma1": 2.0,
    "T": 150,
    "warmup_n": 50,
    "tau_min": 60,
    "tau_max": 120,
    "seed": 42,
    "return_regime": true
  },
  "nig_model0": {
    "mu0": 1.0,
    "kappa0": 1.0,
    "alpha0": 2.0,
    "beta0": 4.0
  },
  "nig_model1": {
    "mu0": 1.0,
    "kappa0": 0.1,
    "alpha0": 2.0,
    "beta0": 4.0
  },
  "detector": {
    "h_star": 1.6875,
    "store_logs": true,
    "stop_on_alert": false
  },
  "tau": 65,
  "warmup_n": 50,
  "tau_in_monitor": 15,
  "first_alert_index_local": 15,
  "first_alert_index_global": 65,
  "result": {
    "alert_index": null,
    "scores": [
      0.0,
      0.6010642516798614,
      0.0,
      0.0,
      0.0,
      0.0,
      0.25132976484335545,
      0.0,
      0.0,
      1.1292628789632295,
      0.1872511569234927,
      0.0,
      0.0,
      0.0,
      0.0,
      11.048561463433593,
      23.885264329374287,
      42.29613599321894,
      56.671689107549305,
      65.32468372575973,
      75.01708711128083,
      85.96031170144278,
      103.10002956817931,
      119.03797209072778,
      137.12287680122313,
      150.5352876241746,
      166.68995545820104,
      184.70938236323985,
      198.75700044894606,
      216.22563192041073,
      228.4181072496291,
      242.2500134963776,
      256.01330334617336,
      265.0923939818014,
      282.6114750996539,
      295.937966103895,
      311.61244686580477,
      329.1607406008786,
      346.62699498526075,
      364.88727660278676,
      380.0994173067863,
      393.6726636932618,
      409.0053260616607,
      414.442584819075,
      421.85431990810054,
      430.2092336738142,
      440.6270456779057,
      457.78937215210794,
      468.74668688374936,
      482.55739830472515,
      502.3194553265508,
      516.2025612087189,
      534.590652095795,
      545.3283786499121,
      559.953939756125,
      570.6193600582513,
      584.6105415015377,
      603.2819296615244,
      609.0323955211935,
      626.3450768805842,
      642.9082915132273,
      655.5609863674811,
      663.20724274726,
      679.0653235613438,
      692.0747147958925,
      708.6110906115742,
      724.276519334347,
      744.7930365368251,
      759.2302972426337,
      769.442803835157,
      785.7753054798146,
      802.286617754446,
      822.4745558146901,
      841.2956131466309,
      858.392611310403,
      879.0366508454922,
      888.1531685565442,
      900.4670285554402,
      911.1766581136183,
      924.8280756401496,
      932.8459953105282,
      950.9801809866731,
      965.4690835309623,
      972.9105589853962,
      983.1520506615477,
      1000.0269113345497,
      1018.8504441228346,
      1040.6219798317657,
      1064.0013818038917,
      1081.2955712569399,
      1091.581312352558,
      1095.0241861338502,
      1111.6548582716784,
      1122.9471704228122,
      1136.3439840427855,
      1148.7272076294269,
      1163.4942834252324,
      1183.2336052271835,
      1199.3905506422795,
      1214.078011060352
    ],
    "increments": [
      -0.9683461007338774,
      0.6010642516798614,
      -0.7283104529395465,
      -0.9319998183009366,
      -0.7662191062850607,
      -1.0717594629198928,
      0.25132976484335545,
      -1.7772229070214673,
      -0.6169889699873021,
      1.1292628789632295,
      -0.9420117220397368,
      -1.0266412758090395,
      -1.0027162680506596,
      -0.8999887312189467,
      -0.8199902874213083,
      11.048561463433593,
      12.836702865940692,
      18.410871663844652,
      14.375553114330364,
      8.652994618210423,
      9.692403385521098,
      10.943224590161948,
      17.13971786673654,
      15.93794252254847,
      18.084904710495362,
      13.412410822951461,
      16.154667834026455,
      18.019426905038827,
      14.047618085706198,
      17.468631471464672,
      12.192475329218368,
      13.831906246748511,
      13.763289849795754,
      9.07909063562805,
      17.519081117852483,
      13.326491004241134,
      15.674480761909756,
      17.548293735073848,
      17.46625438438212,
      18.260281617526,
      15.2121407039995,
      13.573246386475564,
      15.332662368398868,
      5.43725875741435,
      7.411735089025512,
      8.354913765713686,
      10.417812004091527,
      17.162326474202217,
      10.957314731641405,
      13.810711420975776,
      19.762057021825605,
      13.883105882168072,
      18.38809088707615,
      10.737726554117081,
      14.625561106212938,
      10.665420302126336,
      13.991181443286283,
      18.671388159986712,
      5.750465859669118,
      17.312681359390638,
      16.563214632643017,
      12.652694854253754,
      7.646256379779001,
      15.858080814083783,
      13.00939123454872,
      16.536375815681684,
      15.665428722772777,
      20.51651720247807,
      14.437260705808582,
      10.212506592523214,
      16.332501644657704,
      16.51131227463138,
      20.187938060244157,
      18.821057331940768,
      17.09699816377213,
      20.644039535089167,
      9.116517711051934,
      12.313859998895962,
      10.709629558178104,
      13.651417526531338,
      8.017919670378628,
      18.134185676144817,
      14.4889025442892,
      7.4414754544338395,
      10.241491676151602,
      16.87486067300198,
      18.8235327882849,
      21.771535708931083,
      23.37940197212605,
      17.29418945304808,
      10.285741095618048,
      3.4428737812922483,
      16.63067213782824,
      11.29231215113381,
      13.39681361997331,
      12.38322358664131,
      14.767075795805523,
      19.739321801951018,
      16.156945415095976,
      14.687460418072456
    ],
    "alerts": [
      false,
      false,
      false,
      false,
      false,
      false,
      false,
      false,
      false,
      false,
      false,
      false,
      false,
      false,
      false,
      true,
      true,
      true,
      true,
      true,
      true,
      true,
      true,
      true,
      true,
      true,
      true,
      true,
      true,
      true,
      true,
      true,
      true,
      true,
      true,
      true,
      true,
      true,
      true,
      true,
      true,
      true,
      true,
      true,
      true,
      true,
      true,
      true,
      true,
      true,
      true,
      true,
      true,
      true,
      true,
      true,
      true,
      true,
      true,
      true,
      true,
      true,
      true,
      true,
      true,
      true,
      true,
      true,
      true,
      true,
      true,
      true,
      true,
      true,
      true,
      true,
      true,
      true,
      true,
      true,
      true,
      true,
      true,
      true,
      true,
      true,
      true,
      true,
      true,
      true,
      true,
      true,
      true,
      true,
      true,
      true,
      true,
      true,
      true,
      true
    ],